{
    "defaultui":{
        "time_stamp":1278071559.527800,
        "version":0.700000
    },
    "lib_common_ai":{
        "time_stamp":60269600.887100,
        "version":0.700000
    },
    "lib_control":{
        "time_stamp":174848576.446900,
        "version":0.700000
    },
    "script":{
        "time_stamp":547001.912600,
        "version":0.700000
    },
    "smallcard_choose_one":{
        "time_stamp":97426692.622600,
        "version":0.700000
    },
    "smallcard_get_items":{
        "time_stamp":1027458299.872000,
        "version":0.700000
    },
    "smallcard_inventory":{
        "time_stamp":237763803.282200,
        "version":0.700000
    },
    "smallcard_mail":{
        "time_stamp":8954769.603400,
        "version":0.700000
    },
    "smallcard_unit_attr_panel":{
        "time_stamp":99423864.406600,
        "version":0.700000
    }
}