{
    "defaultui":{
        "time_stamp":1278071600.712500,
        "version":0.700000
    },
    "lib_common_ai":{
        "time_stamp":60269628.663300,
        "version":0.700000
    },
    "lib_control":{
        "time_stamp":174848709.333700,
        "version":0.700000
    },
    "script":{
        "time_stamp":547662.892500,
        "version":0.700000
    },
    "smallcard_choose_one":{
        "time_stamp":97426792.923500,
        "version":0.700000
    },
    "smallcard_get_items":{
        "time_stamp":1027458344.307600,
        "version":0.700000
    },
    "smallcard_inventory":{
        "time_stamp":237763962.149900,
        "version":0.700000
    },
    "smallcard_mail":{
        "time_stamp":8955018.599700,
        "version":0.700000
    },
    "smallcard_unit_attr_panel":{
        "time_stamp":99423956.364500,
        "version":0.700000
    }
}